epoch,step,train_loss,train_loss_Ambiance,train_loss_Cuisine,train_loss_Prix,train_loss_Service,val_acc_Ambiance,val_acc_Cuisine,val_acc_Prix,val_acc_Service,val_loss
0,9,5.391995429992676,1.4006437063217163,1.2527670860290527,1.2899832725524902,1.4486013650894165,,,,,
0,19,5.377269744873047,1.3892815113067627,1.2543137073516846,1.3160611391067505,1.4176135063171387,,,,,
0,29,5.135456562042236,1.3347188234329224,1.1176644563674927,1.2717198133468628,1.4113537073135376,,,,,
0,39,4.638421058654785,1.2510193586349487,0.9733973741531372,1.1340314149856567,1.2799726724624634,,,,,
0,49,4.688254356384277,1.1959187984466553,1.1496552228927612,1.0576883554458618,1.2849923372268677,,,,,
0,59,4.5330681800842285,1.1850831508636475,1.0216633081436157,1.1245125532150269,1.2018091678619385,,,,,
0,69,4.556403636932373,1.0842474699020386,1.082000494003296,1.2037549018859863,1.1864007711410522,,,,,
0,69,,,,,,0.5039123892784119,0.6948356628417969,0.6071987748146057,0.5790297389030457,4.422059059143066
